<?xml version="1.0"?>

<adjustments>
	<adjustment plugin_name="FindBugs" finding_name="Dead store to local variable" severity="5"/>
	<adjustment plugin_name="FindBugs" finding_name="Switch statement found where one case falls through to the next case" severity="4"/>
	<adjustment plugin_name="FindBugs" finding_name="Write to static field from instance method" severity="4"/>
	<adjustment plugin_name="FindBugs" finding_name="Method might ignore exception" severity="4"/>
	<adjustment plugin_name="FindBugs" finding_name="Nullcheck of value previously dereferenced" severity="4"/>
	<adjustment plugin_name="FindBugs" finding_name="Class names should start with an upper case letter" severity="3"/>
	
	<adjustment plugin_name="PMD" finding_name="EmptyTryBlock" severity="4" alternate_name="Empty Try Block"/>
	<adjustment plugin_name="PMD" finding_name="EmptyCatchBlock" severity="4" alternate_name="Empty Catch Block"/>		
	<adjustment plugin_name="PMD" finding_name="EmptyFinallyBlock" severity="4" alternate_name="Empty Finally Block"/>
	<adjustment plugin_name="PMD" finding_name="BrokenNullCheck" alternate_name="Broken Null Check"/>
	
	<adjustment plugin_name="Antic" finding_name="May be wrong assumption about ELSE branch association" severity="5"/>
	<adjustment plugin_name="Antic" finding_name="May be wrong assumption about IF body" severity="5"/>

	<adjustment plugin_name="PHPLint" finding_name="ERROR" severity="1"/>
	<adjustment plugin_name="PHPLint" finding_name="Warning" severity="3"/>
	<adjustment plugin_name="PHPLint" finding_name="notice" severity="5"/>

	<adjustment plugin_name="JavaScriptLint" finding_name="missing semicolon" alternate_name="Statement Missing Semicolon"/>
	<adjustment plugin_name="JavaScriptLint" finding_name="syntax error" alternate_name="Syntax Error"/>
		
</adjustments>